<?xml version="1.0" encoding="UTF-8"?><idempiere Name="SSO_PrincipleConfig_AzureAD" Version="1.0.0" idempiereVersion="" DataBaseVersion="" Description="" Author="" AuthorEmail="" CreatedDate="2022-09-15 13:55:14.019" UpdatedDate="2022-09-15 13:55:14.019" PackOutVersion="100" UpdateDictionary="false" Client="0-SYSTEM-System" AD_Client_UU="11237b53-9592-4af1-b3c5-afd216514b5d">
    <AD_Ref_List type="table">
        <AD_Client_ID>0</AD_Client_ID>
        <AD_Org_ID>0</AD_Org_ID>
        <Name>Microsoft Azure AD</Name>
        <Description/>
        <AD_Reference_ID reference="id">200213</AD_Reference_ID>
        <ValidFrom/>
        <ValidTo/>
        <Value>MSAZURE</Value>
        <IsActive>Y</IsActive>
        <EntityType>U</EntityType>
        <AD_Ref_List_UU>1792e39c-1d93-44e8-9acb-63fd61347440</AD_Ref_List_UU>
        <AD_Ref_List_Trl type="translation">
            <Description/>
            <Name>Microsoft Azure AD</Name>
            <AD_Language>es_CO</AD_Language>
            <IsActive>Y</IsActive>
            <IsTranslated>N</IsTranslated>
        </AD_Ref_List_Trl>
    </AD_Ref_List>
</idempiere>
